<?xml version="1.0" encoding="utf-8" ?>
<dwsync>
<file name="hkgrotesk-bold-webfont.woff" server="ftp.populerdunya.com/lazyguy/" local="131326808080000000" remote="131379376800000000" Dst="0" />
<file name="hkgrotesk-bolditalic-webfont.woff" server="ftp.populerdunya.com/lazyguy/" local="131326808160000000" remote="131379376800000000" Dst="0" />
<file name="hkgrotesk-bold-webfont.woff2" server="ftp.populerdunya.com/lazyguy/" local="131326808100000000" remote="131379376800000000" Dst="0" />
<file name="hkgrotesk-bolditalic-webfont.woff2" server="ftp.populerdunya.com/lazyguy/" local="131326808180000000" remote="131379376800000000" Dst="0" />
<file name="hkgrotesk-italic-webfont.woff" server="ftp.populerdunya.com/lazyguy/" local="131326808140000000" remote="131379376800000000" Dst="0" />
<file name="hkgrotesk-italic-webfont.woff2" server="ftp.populerdunya.com/lazyguy/" local="131326808160000000" remote="131379376800000000" Dst="0" />
<file name="hkgrotesk-light-webfont.woff" server="ftp.populerdunya.com/lazyguy/" local="131326808140000000" remote="131379376800000000" Dst="0" />
<file name="hkgrotesk-light-webfont.woff2" server="ftp.populerdunya.com/lazyguy/" local="131326808140000000" remote="131379376800000000" Dst="0" />
<file name="hkgrotesk-lightitalic-webfont.woff" server="ftp.populerdunya.com/lazyguy/" local="131326808120000000" remote="131379376800000000" Dst="0" />
<file name="hkgrotesk-lightitalic-webfont.woff2" server="ftp.populerdunya.com/lazyguy/" local="131326808120000000" remote="131379376800000000" Dst="0" />
<file name="hkgrotesk-medium-webfont.woff" server="ftp.populerdunya.com/lazyguy/" local="131326808160000000" remote="131379376800000000" Dst="0" />
<file name="hkgrotesk-medium-webfont.woff2" server="ftp.populerdunya.com/lazyguy/" local="131326808160000000" remote="131379376800000000" Dst="0" />
<file name="hkgrotesk-mediumitalic-webfont.woff" server="ftp.populerdunya.com/lazyguy/" local="131326808100000000" remote="131379376800000000" Dst="0" />
<file name="hkgrotesk-regular-webfont.woff" server="ftp.populerdunya.com/lazyguy/" local="131326808100000000" remote="131379376800000000" Dst="0" />
<file name="hkgrotesk-mediumitalic-webfont.woff2" server="ftp.populerdunya.com/lazyguy/" local="131326808100000000" remote="131379376800000000" Dst="0" />
<file name="hkgrotesk-regular-webfont.woff2" server="ftp.populerdunya.com/lazyguy/" local="131326808120000000" remote="131379376800000000" Dst="0" />
<file name="hkgrotesk-semibold-webfont.woff" server="ftp.populerdunya.com/lazyguy/" local="131326808180000000" remote="131379377400000000" Dst="0" />
<file name="hkgrotesk-semibold-webfont.woff2" server="ftp.populerdunya.com/lazyguy/" local="131326808180000000" remote="131379377400000000" Dst="0" />
<file name="hkgrotesk-semibolditalic-webfont.woff" server="ftp.populerdunya.com/lazyguy/" local="131326808120000000" remote="131379377400000000" Dst="0" />
<file name="hkgrotesk-semibolditalic-webfont.woff2" server="ftp.populerdunya.com/lazyguy/" local="131326808140000000" remote="131379377400000000" Dst="0" />
<file name="hkgrotesk-bold-webfont.woff" server="ftp.populerdunya.com/lazyguy/demo/" local="131326808080000000" remote="131362965000000000" Dst="0" />
<file name="hkgrotesk-bolditalic-webfont.woff" server="ftp.populerdunya.com/lazyguy/demo/" local="131326808160000000" remote="131362965000000000" Dst="0" />
<file name="hkgrotesk-bold-webfont.woff2" server="ftp.populerdunya.com/lazyguy/demo/" local="131326808100000000" remote="131362965000000000" Dst="0" />
<file name="hkgrotesk-bolditalic-webfont.woff2" server="ftp.populerdunya.com/lazyguy/demo/" local="131326808180000000" remote="131362965000000000" Dst="0" />
<file name="hkgrotesk-italic-webfont.woff" server="ftp.populerdunya.com/lazyguy/demo/" local="131326808140000000" remote="131362965000000000" Dst="0" />
<file name="hkgrotesk-italic-webfont.woff2" server="ftp.populerdunya.com/lazyguy/demo/" local="131326808160000000" remote="131362965000000000" Dst="0" />
<file name="hkgrotesk-light-webfont.woff" server="ftp.populerdunya.com/lazyguy/demo/" local="131326808140000000" remote="131362965000000000" Dst="0" />
<file name="hkgrotesk-light-webfont.woff2" server="ftp.populerdunya.com/lazyguy/demo/" local="131326808140000000" remote="131362965000000000" Dst="0" />
<file name="hkgrotesk-lightitalic-webfont.woff" server="ftp.populerdunya.com/lazyguy/demo/" local="131326808120000000" remote="131362965000000000" Dst="0" />
<file name="hkgrotesk-medium-webfont.woff" server="ftp.populerdunya.com/lazyguy/demo/" local="131326808160000000" remote="131362965000000000" Dst="0" />
<file name="hkgrotesk-medium-webfont.woff2" server="ftp.populerdunya.com/lazyguy/demo/" local="131326808160000000" remote="131362965000000000" Dst="0" />
<file name="hkgrotesk-mediumitalic-webfont.woff" server="ftp.populerdunya.com/lazyguy/demo/" local="131326808100000000" remote="131362965000000000" Dst="0" />
<file name="hkgrotesk-lightitalic-webfont.woff2" server="ftp.populerdunya.com/lazyguy/demo/" local="131326808120000000" remote="131362965000000000" Dst="0" />
<file name="hkgrotesk-mediumitalic-webfont.woff2" server="ftp.populerdunya.com/lazyguy/demo/" local="131326808100000000" remote="131362965000000000" Dst="0" />
<file name="hkgrotesk-regular-webfont.woff" server="ftp.populerdunya.com/lazyguy/demo/" local="131326808100000000" remote="131362965000000000" Dst="0" />
<file name="hkgrotesk-regular-webfont.woff2" server="ftp.populerdunya.com/lazyguy/demo/" local="131326808120000000" remote="131362965000000000" Dst="0" />
<file name="hkgrotesk-semibold-webfont.woff" server="ftp.populerdunya.com/lazyguy/demo/" local="131326808180000000" remote="131362965000000000" Dst="0" />
<file name="hkgrotesk-semibold-webfont.woff2" server="ftp.populerdunya.com/lazyguy/demo/" local="131326808180000000" remote="131362965000000000" Dst="0" />
<file name="hkgrotesk-semibolditalic-webfont.woff" server="ftp.populerdunya.com/lazyguy/demo/" local="131326808120000000" remote="131362965000000000" Dst="0" />
<file name="hkgrotesk-semibolditalic-webfont.woff2" server="ftp.populerdunya.com/lazyguy/demo/" local="131326808140000000" remote="131362965000000000" Dst="0" />
</dwsync>